name;surname;nationality
Christianna;Hanes;Andorran
Victoria;Trinh;Maltese
Kristin;Coker;Venezuelan
Cristopher;Sims;Czech
Alyse;Hart;Barbudans
Gracelyn;Medley;Cambodian
Candace;Stump;Afghan
Bethanie;Dickey;Luxembourger
Mattie;Cosgrove;Nigerien
Jaxon;Jeffries;Ni-Vanuatu
Brenden;Le;Bhutanese
Gunner;Zeller;Nicaraguan
Brionna;Fitzsimmons;Kyrgyz
Felix;Cooley;Costa Rican
Kia;Powell;Serbian
Amiya;Kitchen;Czech
Vincent;Castellanos;Israeli
Emelia;Pack;Nigerian
Aleigha;Holland;Fijian
Yoselin;Dube;Nepalese
Jaron;Hadley;Jordanian
Alexzander;Dumas;Thai
Annemarie;Smallwood;Indonesian
Sarai;Oswald;Paraguayan
Isai;Wertz;Turkish
Vaughn;Quigley;Moldovan
Aysia;Wyatt;Tongan
Zain;Tomlinson;Croatian
Anjali;Argueta;Mosotho
Dorien;Mead;Czech
Ulysses;Schaeffer;Portuguese
Alexandre;Newsom;Indonesian
Juliana;Watters;Motswana
Destin;Andrus;Djibouti
Melanie;Edmondson;Congolese
Charlie;Compton;Latvian
Katarina;Cotter;Barbadian
Benny;Casillas;Swedish
Cristal;Xiong;Sierra Leonean
Benito;Nunley;Panamanian
Macie;Stull;Filipino
Grayson;Carey;Israeli
Allie;Holcomb;Burmese
Xavier;Nielson;Nepalese
Ella;Cohn;Bahraini
Justus;Cabral;Monacan
Julianna;Eller;Eritrean
Sally;Moreland;Mauritian
Eugene;Duff;Bahamian
Emily;Mims;Tajik
Koby;Zimmerman;Mosotho
Tyreke;Borden;Tajik
Deshawn;Kohler;Trinidadian or Tobagonian
Samira;Mayes;Malian
Ahmad;Schell;Belizean
Diane;Goodwin;Portuguese
Edna;Greer;Trinidadian or Tobagonian
Harper;Damron;Zambian
Brenna;Connor;Belarusian
Gerard;Ely;Tunisian
Kalli;Christianson;Equatorial Guinean
Paige;Jefferson;Namibian
Kaylee;Castillo;East Timorese
Lyndsay;Meek;Moldovan
Penelope;Castro;Papua New Guinean
Corrina;Combs;Somali
Chastity;Krueger;American
Coleton;France;Kyrgyz
Holland;Fong;Lithuanian
Billie;Pryor;Kenyan
Destin;Florez;Japanese
Salvatore;Paulson;Grenadian
Chyanne;Hancock;Indonesian
Elissa;Dolan;Ivorian
Sincere;Scruggs;Argentinean
Tiana;Farrar;Malagasy
Preston;Shen;Kittian and Nevisian
Carl;Conway;Nauruan
Carl;Segura;German
Arturo;Kelso;Colombian
Ramon;Dow;Namibian
Jamir;Cooper;Kyrgyz
Hattie;Chamberlin;Gabonese
Bree;Angel;Grenadian
Martina;Burney;Venezuelan
Kaliyah;Burkholder;Sudanese
Dominic;Myles;Belarusian
Ashlin;Almeida;Ecuadorean
Kaitlynn;Fortune;Dominican
Aileen;Marr;Australian
Darryl;Bourgeois;Spanish
Charles;Littlejohn;Swedish
Chiara;Samson;San Marinese
Dillion;Cain;Czech
Payne;Snodgrass;Nigerien
Heidy;Reyes;Czech
Trace;Madsen;Welsh
Sydnie;Rahman;Polish
Arthur;Vaughan;Salvadoran
Alexandrea;Gomez;Latvian
Kendal;Bond;Israeli
Luna;Gulley;Indian
Braydon;Thornton;British
Andrea;Forman;Peruvian
Matthew;Low;Equatorial Guinean
Aliah;Hiller;Omani
Morgan;Ruth;Burkinabe
Gretchen;Saenz;Bruneian
Renae;Boyle;Liechtensteiner
Dulce;Still;Uruguayan
Chasity;Currie;Bolivian
Alycia;Weinstein;Norwegian
Maren;Katz;Croatian
Bradley;Hoy;Qatari
Brynne;Catalano;Uzbekistani
Alfred;Marshall;Swazi
Breanne;Hawk;Dutch
Mina;Huntley;Togolese
Dexter;Frank;Venezuelan
Sarah;Burns;Bangladeshi
Carina;Kruse;Angolan
Issac;Craft;Greek
Phillip;Carson;Trinidadian or Tobagonian
Silvia;Egan;Vietnamese
Edmund;Parham;Chilean
Arthur;Valerio;Georgian
Dejuan;Robbins;Singaporean
Brooks;Carrera;Saint Lucian
Infant;Mock;Haitian
Guadalupe;Calkins;Beninese
Deanna;Cochran;Ghanaian
Kevon;Darby;Polish
Marcela;Bigelow;Papua New Guinean
Dayton;Fernandez;French
Kiah;Farnsworth;German
Rory;Newberry;Ugandan
Barry;Jankowski;Maltese
Corbin;Worthy;Kyrgyz
Isaias;Barger;Bhutanese
Sarahi;Keith;Liberian
Raven;Angulo;Haitian
Chyna;Himes;Hungarian
Abbigail;Kohn;British
Marisa;Hutto;Barbadian
Darby;Nolan;Swedish
Luca;Lynn;Swazi
Terry;Roman;Luxembourger
Raheem;Downing;Angolan
Marianne;Beard;Italian
Winter;Stacy;Congolese
Aldo;Jung;Rwandan
Lanie;Rockwell;German
Ronald;Ott;Bruneian
Cheyanne;Reddick;Nigerien
Helen;Tackett;Emirian
Jabari;Trapp;Russian
Eric;Tyson;New Zealander
Devan;Kidd;Slovenian
Lourdes;Hughes;Mozambican
Selena;Dasilva;Maldivian
Sharon;Montero;Bahraini
Baby;Osullivan;Cameroonian
Aman;Wren;Guinean
Hali;Watson;Grenadian
Jevon;Guillory;Ecuadorean
Lee;Centeno;Guinea-Bissauan
Priscila;Dang;Malian
Elian;Milam;Gambian
Alani;Sheldon;Ivorian
Kaylen;Stark;Macedonian
Shyann;Corbin;Qatari
Jase;Malley;Djibouti
Aniya;Apodaca;Sao Tomean
Domenic;Lau;Grenadian
Kareem;Carmichael;Chinese
Magaly;Rauch;Surinamer
Betty;Bowen;Mosotho
Kobie;Roark;North Korean
Dion;Hollins;Beninese
Christiana;Bruce;Afghan
Parker;Franz;Central African
Braydon;Godwin;Trinidadian or Tobagonian
Whitney;Perea;Cameroonian
Dariana;Mize;Uzbekistani
Emery;Dykes;Burkinabe
Tyla;Drake;Haitian
Zavier;Gould;Malian
Kelley;Hunter;Malawian
Ben;Boehm;Pakistani
Emmalee;Bearden;Danish
Kasandra;Runyon;Trinidadian or Tobagonian
Max;Altamirano;Macedonian
Gwyneth;Lott;Saint Lucian
Janessa;Wimberly;Emirian
Graham;Newby;Haitian
Rubi;Kemper;Libyan
Brooklyn;Cross;Ukrainian
Aaron;Olvera;North Korean
Braiden;Roberts;Armenian
Skyler;Cox;Colombian
Ralph;Pemberton;Iranian
Sophia;Grimes;Fijian
Owen;Walton;Bolivian
Yamile;Stock;Iranian
Aliana;Rawlings;American
Halle;Shelby;Swiss
Zaria;Beverly;Ugandan
Shivani;Yoo;Ni-Vanuatu
Yoselin;Locke;Croatian
Daron;Limon;Bangladeshi
Chelsea;Tubbs;Costa Rican
Adela;Galbraith;Venezuelan
Astrid;Guenther;Swiss
Shaun;Wong;Norwegian
Joana;Pagan;Argentinean
Hailee;Gerber;Sierra Leonean
Daniella;Sylvester;North Korean
Lori;Bolton;Croatian
Elsa;Schaffer;Sri Lankan
Bonnie;Swartz;Ni-Vanuatu
Lela;Haskell;Latvian
Tanner;Poore;Gabonese
Hailey;Pedraza;Bolivian
Kain;Loveless;Cypriot
Pedro;McClure;Filipino
Madisyn;Frias;Zambian
Bryana;Luu;Jordanian
Jarrod;Crespo;Nicaraguan
Nicolette;Guzman;Namibian
Araceli;Hoke;Uzbekistani
Isai;Kirk;Mexican
Sariah;Dodge;Syrian
Clinton;Wilks;Slovenian
Adilene;Hester;Cypriot
Kiah;Madrigal;Kazakhstani
Rosario;Rosado;American
Aleena;Pierre;Belarusian
Raelyn;Delagarza;German
Doris;Jay;Vietnamese
Tyrese;Scholl;Tunisian
Katharine;Box;Djibouti
Larissa;Whitmore;Sao Tomean
Jajuan;Hamilton;Italian
Forrest;Kinney;Bangladeshi
Jack;Bryson;Estonian
Hernan;Winstead;Ghanaian
Scarlett;Brunner;Gabonese
Jena;Fairbanks;Solomon Islander
Julian;Connell;Saint Lucian
Jon;Hardman;Central African
Krystal;Gupta;Saint Lucian
Cristofer;Arellano;Maldivian
Enoch;Minton;Uzbekistani
Jalynn;Lemay;Ghanaian
Fredy;Shafer;Antiguans
Mariano;Miranda;Haitian
Irma;Bernard;Romanian
Lane;Best;Cuban
Lisbeth;Oreilly;Ugandan
Julisa;Aiken;French
Auston;Waite;Bhutanese
Jacquez;Hess;Swazi
Mitchell;Whitcomb;Armenian
Bryana;Williams;Luxembourger
Amina;Bourne;Georgian
Infant;Duval;Ethiopian
Daniel;Archer;Norwegian
Tyreese;Contreras;American
Ladarius;Head;Armenian
Orlando;Johnson;Costa Rican
Demetrius;Owens;Colombian
Omari;Salcedo;Mosotho
Sheyla;Faust;Ethiopian
Bernadette;Benson;Tajik
Esther;Gamez;South Korean
Ashtyn;Quinonez;Cuban
Alea;Derosa;Comoran
Gabriela;Buffington;Omani
Lynette;Troyer;Armenian
Hernan;Dillard;British
Nathalia;Workman;Emirian
Lisa;Easton;Bangladeshi
Fatima;Dietz;Gabonese
Patience;Arnett;French
Infant;Carbone;Liberian
Maggie;Chastain;Norwegian
Kurt;Bratton;Costa Rican
Rogelio;Foltz;Beninese
Nathanial;Hankins;Zambian
Maximus;Clancy;Andorran
Briley;Joyner;Somali
Yaquelin;Baird;Indian
Rianna;Nieves;Yemenite
Treyvon;Bruner;Honduran
Wendy;Long;Ugandan
Jonas;Vargas;Cape Verdean
Baylor;Easley;Laotian
Andrea;German;Kyrgyz
Bernard;Rouse;Polish
Braxton;Hyde;Kuwaiti
Rosario;Briscoe;Scottish
Julien;Ennis;Finnish
Dominic;Haggerty;Tunisian
Mercedez;Salcido;Barbadian
Notnamed;Hackney;Antiguans
Melody;Weber;Bruneian
Myra;Lenz;Gambian
Jamar;Polanco;Northern Irish
Alysha;Driscoll;Equatorial Guinean
Albert;Ingle;Bruneian
Liza;Dobbins;Bruneian
Mercy;Vogt;Canadian
Mari;Stern;Nigerien
Brycen;Beers;Kyrgyz
Alan;Canales;Sierra Leonean
Kendell;Linares;Serbian
Graham;Wolf;Armenian
Linnea;Mota;Congolese
Ginger;Ramon;Senegalese
Alex;Mayberry;Cameroonian
Chad;Woodall;Macedonian
Samir;Friedman;Russian
Brennon;Hoskins;Peruvian
Paris;Harder;Qatari
Britany;Joseph;Guyanese
Zackery;Sutton;Tuvaluan
Kamron;Cardwell;Costa Rican
Santos;Donald;Haitian
Bridger;Menendez;Bosnian
Ahmad;Yoon;Bangladeshi
Meadow;Chappell;Omani
Madalyn;Gallegos;Ugandan
Jocelyne;Romero;Micronesian
Caylee;Fowler;Uzbekistani
Antwan;Sewell;Kittian and Nevisian
Kortney;Waters;Yemenite
Valentina;Ward;Syrian
Martha;Talbert;Maltese
Colten;Burrell;Solomon Islander
Krystal;Blackwell;Qatari
Broderick;Carlisle;Paraguayan
Rashawn;Hooker;Angolan
Jimmie;Burris;Dominican
Nicholas;Hayward;Macedonian
Kyndal;Casper;Albanian
Roxanne;Broyles;Monacan
Theron;Cano;Estonian
Ana;Ladd;Monacan
Kaylah;Erwin;Ghanaian
Jalynn;Wiggins;Namibian
Ezekiel;Brantley;Finnish
Bowen;Shearer;Israeli
Troy;Zaragoza;Laotian
Trenton;Esposito;Vietnamese
Nikita;Zhao;Estonian
Winter;Hamel;Colombian
Brayan;Beall;Grenadian
Travon;McCann;New Zealander
Nasir;Huggins;Eritrean
Dameon;Goble;Motswana
Kaela;Adamson;Bolivian
Melissa;Strain;Monacan
Brandyn;Elkins;Tuvaluan
Susana;Strand;Seychellois
Aubrie;Soto;Namibian
Keith;McHugh;Burmese
Darien;Lehman;Sao Tomean
Mikaila;Schulze;Vietnamese
Breana;Olivas;Jamaican
Lionel;Lunsford;Comoran
Larry;Pettit;East Timorese
Clara;Karr;Motswana
Lilia;Ricker;Nicaraguan
Lorraine;Mace;Motswana
Vanesa;Merrell;Mongolian
Alyse;Covarrubias;Congolese
Dixie;Bergman;Gambian
Lucinda;King;New Zealander
Hayley;Hillman;Grenadian
Emmett;Andrews;Honduran
Ayla;Humphreys;Iranian
Kian;Woodward;Samoan
Beverly;Hooper;Honduran
Rasheed;Wing;San Marinese
Jorden;Stevenson;Namibian
Donnie;Findley;Georgian
Arden;Pease;Australian
Frankie;Mauldin;Rwandan
Chad;Coughlin;Dutch
Lexie;Alonso;Mexican
Rosa;Quinlan;Mozambican
Alisa;Su;Emirian
Ruben;Bright;Cypriot
Emely;Hinkle;Beninese
Aaron;Banuelos;Senegalese
Journey;Hicks;Eritrean
Zayne;Carroll;Italian
Rena;Ratliff;Trinidadian or Tobagonian
Rory;Billings;Argentinean
Holden;Jacobsen;French
Jodi;Roby;Brazilian
Miranda;Raney;Finnish
Davis;Turley;Sao Tomean
Nina;Augustine;Algerian
Emily;Michael;Mauritanian
Keshaun;Forsythe;American
Elliot;Westfall;Nigerian
Uriel;Bray;Antiguans
Skyla;Oliva;Hungarian
Hailee;Wolff;Solomon Islander
Jaleel;Lam;Kazakhstani
Layla;Goebel;Lithuanian
Wade;Yost;I-Kiribati
Marie;Bagwell;Irish
Jacy;Varner;Singaporean
Aleena;Ware;Salvadoran
Keyon;McNally;Venezuelan
Meagan;Zielinski;Nigerian
Breanne;Orr;Kuwaiti
Jaylin;Pedersen;Somali
Laci;Lerma;Fijian
Jaquez;Esquivel;Czech
Kiana;Sargent;Guinean
Vincenzo;Silverman;San Marinese
Elizabeth;Wilburn;Lithuanian
Isela;Sells;I-Kiribati
Nikole;Baumann;Marshallese
Tony;Gutierrez;Russian
Jadah;Peyton;Malagasy
John;Willson;Swazi
Emalee;Regan;Chadian
Amya;Torres;Indonesian
Tania;Zavala;Malagasy
Ally;Collins;Barbudans
Sophie;Olsen;Tuvaluan
Fabian;Creamer;Equatorial Guinean
Mya;Foote;Motswana
Abigayle;Tyler;Polish
Kyle;Sage;Guinean
Dontae;Vest;Eritrean
Helen;Tully;French
Kaytlyn;Terry;Bahraini
Mercedes;Ewing;Cypriot
Tiarra;Prescott;Welsh
Cristal;Paine;Guinea-Bissauan
Olivia;Trotter;Azerbaijani
Vincent;McKinnon;Sudanese
Jacklyn;Crooks;Barbadian
Victoria;Watts;Sao Tomean
Bowen;Cheatham;Tajik
Mason;Koontz;Ghanaian
Roland;Staley;Jamaican
Aiden;Tarver;Algerian
Alek;Sotelo;Saudi
Callista;Deluca;British
Rudy;Burton;Bahamian
Duane;Glenn;German
Janell;Singh;Andorran
Brynn;Underwood;Singaporean
Riya;Mcneely;Micronesian
Jennah;Hyatt;Batswana
Deasia;Cortes;Sri Lankan
Leland;Horan;Icelander
Selene;Rucker;Lithuanian
Kelvin;Klinger;Gabonese
Kierra;Keck;Burundian
Aditya;Knight;Malaysian
Laci;Starnes;Barbadian
Keona;Flint;Malian
Lyric;Geer;Sierra Leonean
Mariam;Mangum;Bahamian
Tyree;Washburn;Kittian and Nevisian
Makaela;Calvert;Burundian
Drake;Foley;Solomon Islander
Bethany;Cummins;Australian
Jared;McElroy;Russian
Genesis;Amato;Armenian
Marla;Garrett;Guatemalan
Sherry;Fields;Czech
Sasha;Mack;Hungarian
Evan;Luther;South Korean
Keyara;Hawks;Liechtensteiner
Angel;Fontenot;Sao Tomean
Shirley;Benjamin;Danish
Jasmine;Escalante;Liberian
Tionne;Gay;Northern Irish
Jarret;Dunning;Malian
Tavon;Borges;Canadian
Elvis;Parry;Portuguese
Evelyn;Holbrook;Guinean
Douglas;Booker;Jamaican
Carter;Hauser;Libyan
Samaria;Chance;Haitian
Jamil;McMullen;Polish
Rayshawn;Starkey;Luxembourger
Orlando;Dutton;Cuban
Guadalupe;Gaytan;Argentinean
Desiree;Hilton;Portuguese
Marianna;Harter;Andorran
Agustin;Neil;Iranian