username;name;surname;password
Erick;Erick;Lennon;(u+yOBuM
Malik;Malik;Seidel;tZQgSdap
Chelsea;Chelsea;Mathias;#sPfC1mp
Rodrigo;Rodrigo;Monk;gVG3qq8L
Angeline;Angeline;Li;-W4vc6P8
Ansley;Ansley;Peter;Y%A5c!X7
Beth;Beth;Valencia;1Ao2c6$h
Augustine;Augustine;Akins;r67(xbcs
Jamil;Jamil;Wingate;@TQxA&og
Destinie;Destinie;Land;vh4uER(G
Trevin;Trevin;Ayers;-67j3qj8
Roman;Roman;Do;85aX2*Ib
Tasha;Tasha;Ness;DE8u8McZ
Lucia;Lucia;Piper;scq2juB1
Victoria;Victoria;Murillo;AtcflrIo
Ann;Ann;Lanning;+igRlTnD
Shaylee;Shaylee;Childers;0^4d2sym
Allysa;Allysa;Lugo;R11=1G7r
Jordin;Jordin;Wiles;%jZlV=m6
Genevieve;Genevieve;Kunz;&9mg4frf
Anastacia;Anastacia;Bowling;!kKb3FaX
Lorena;Lorena;Hebert;cTV@NiLM
Brandy;Brandy;Rhoades;*Xs7EN5+
Aislinn;Aislinn;Batchelor;hFJz8Zof
Hamza;Hamza;Biddle;rpbZ8TMi
Malka;Malka;Etheridge;4X5^^%OD
Amara;Amara;Keenan;%Qvc&oVs
Shakira;Shakira;Pritchard;9OQjG(TM
Silvia;Silvia;Ma;3F!0(Xz4
Madelynn;Madelynn;Chun;iCuD5N^B
Uriel;Uriel;Kuntz;ES9E2S2&
Rileigh;Rileigh;Brinkley;0#I0NBns
Morris;Morris;Rincon;GVSz*H(G
Clyde;Clyde;Piazza;31tidfof
Kellie;Kellie;Hinton;#9^irW_z
Tammy;Tammy;Nolen;Y)OW88(b
John;John;Lockett;D0RS&UzV
Quinton;Quinton;Derrick;#fe=#Z%o
Brookelyn;Brookelyn;Cable;OGjpQBDi
Galilea;Galilea;Jeffers;26vLO8LE
Dillon;Dillon;Comer;ss!yN5fI
Makaylah;Makaylah;Mulligan;l8P+XHZ8
Javonte;Javonte;Henderson;yTwaKNtx
Kinsey;Kinsey;Lutz;uRv%VSxE
Princess;Princess;Keyes;2ic&$)aR
Jakobe;Jakobe;Cornell;YC8IVxk3
Braulio;Braulio;Bills;wdbvmvxx
Nadine;Nadine;Regalado;CvyHCk73
Joslyn;Joslyn;Frost;bb+TQP_h
Rogelio;Rogelio;Morrissey;)w-Z&dZd
Eliseo;Eliseo;Fournier;QqRRLy47
Jocelyne;Jocelyne;Keaton;0cG2qM^$
John;John;Branson;nx5QVLqt
Ishmael;Ishmael;Fugate;Cmj4xT6s
Marquez;Marquez;Davidson;O+@ZIBXb
Dariana;Dariana;Liu;XJq(gpMh
Gary;Gary;Valentin;IulGTLlG
Zackary;Zackary;Hastings;UfmfVm3A
Alanna;Alanna;Lemons;sZh@UhA-
Keanna;Keanna;Doan;dvWFbgNu
Hollie;Hollie;Guerrero;EyUBQALa
Moses;Moses;Myers;iuq6ooXv
Stacy;Stacy;Larson;(Cp@6i4r
Alia;Alia;Bassett;xkRa&rnt
Emilee;Emilee;Chapa;&mjM+soO
Brenden;Brenden;Mazur;hhU7yJtv
Lamont;Lamont;Sterling;@JvR@9F2
Brodie;Brodie;High;TcLNU3UZ
Ian;Ian;Rosenbaum;huLusS0$
Jamarcus;Jamarcus;Hawkins;tVyCKWlk
Tricia;Tricia;Dunham;e^bK-n7F
Angelo;Angelo;Christopher;Gzx6Fi!V
Sandy;Sandy;Grooms;!ZI&v$LG
Makaela;Makaela;Berger;qId8Z9$K
Jedidiah;Jedidiah;Lanham;7VA-A#7*
Makenzie;Makenzie;Jett;qh=(x%q+
Jonah;Jonah;Ventura;4qWn+$ot
Brooklynn;Brooklynn;Oh;Z-8=w+Ea
Adela;Adela;Doe;Ub!T%%A^
Edna;Edna;Downey;LFRMC-BE
Mariah;Mariah;Wentz;60wXM3$f
Mary;Mary;Matos;P#_TAzaf
Alliyah;Alliyah;Ash;M)4&KjOD
Andre;Andre;Lawton;&+@eGUNp
Triniti;Triniti;Ransom;*E2!Ggg!
Brook;Brook;Busch;b0SrA8Fr
Yasmine;Yasmine;Jameson;pNf8^^cd
Meg;Meg;Dietrich;j6e(e07#
Wayne;Wayne;Blanton;8bF4kxpf
Bruno;Bruno;Ontiveros;UIK9#OK^
Destinie;Destinie;Bone;fsgU5*Ko
Adia;Adia;Davis;nRc20R(J
Jakayla;Jakayla;Stepp;kuDAkpZL
Cassie;Cassie;Whitfield;RmukP&xP
Salvatore;Salvatore;Ulrich;!M&Gj4t8
Kameryn;Kameryn;Gilbertson;E_#llb%G
Amia;Amia;Hampton;hsX%OS9u
Wyatt;Wyatt;Lieberman;t^Ezu71C
Katlynn;Katlynn;Donaldson;fPNf4Lg&
Keira;Keira;Martins;v8ln+rJ=
Freddie;Freddie;Adkins;AygP1tCp
Silas;Silas;Ordonez;_7O^93eB
Reynaldo;Reynaldo;Holton;ZZ2nOzEL
Destany;Destany;Harlan;on_nU(Tg
Alycia;Alycia;Betts;VavA%9rx
Sanjana;Sanjana;Nunez;uP%^%xea
Suzanne;Suzanne;Millan;48cJU_4+
Lizette;Lizette;Gorman;V(b3n&=j
Caleb;Caleb;Stapleton;I_JVIH%$
Abriana;Abriana;Paredes;N6XktPd*
Michaela;Michaela;Molina;meHDbZrC
Aubrey;Aubrey;Lindley;DUSAqaJ6
Daysha;Daysha;Ring;s*=wCC^S
Hailie;Hailie;Hammond;S7f1-N-0
Clifford;Clifford;Acker;GXvE3)q9
Mercy;Mercy;Luttrell;F!+UtD%h
Emily;Emily;Kern;mg=dC$a1
Kelsy;Kelsy;Guajardo;w!GiyX*t
August;August;Cervantes;Oa*#pcvH
Rylie;Rylie;Kruger;mu=!IrWv
Gabriela;Gabriela;Hayden;kZZ=0_it
Macie;Macie;McCollum;gxtI2W)n
Keegan;Keegan;Kaur;ClNbD-KQ
Saul;Saul;Werner;uDEN4+yO
Rylie;Rylie;Cowan;*#=9DwiC
Shantel;Shantel;Walls;m5QFp)L+
Daisha;Daisha;Uribe;f5(tYavH
Dillon;Dillon;Haskins;CEECm7c5
Sherry;Sherry;Carreon;*EY@hHhB
Sofia;Sofia;Duenas;dYyY6z_W
Dillan;Dillan;Mahoney;-IK=v&NR
Darion;Darion;Artis;(cBPk7Po
Marjorie;Marjorie;Whitney;n-_ziUXk
Estevan;Estevan;Holliday;ypfl00xK
Ellie;Ellie;Windham;OQ9FPK*4
Kaylah;Kaylah;Dill;Y7_1N5bi
Keyla;Keyla;Potter;rsQ=OOO2
Oriana;Oriana;Gardiner;!h8%Gk-+
Rogelio;Rogelio;Rainey;Yz--s=Hs
Cory;Cory;Barbosa;0T#H^1fM
Yehuda;Yehuda;Clarke;*NjB+rPt
Mae;Mae;Duffy;DDWytFEo
Romeo;Romeo;Halverson;3SOtz9Js
Jaquez;Jaquez;Kiser;5fez!+y4
Brock;Brock;Lund;&sVmqjR8
Cornelius;Cornelius;Henry;6OCjWod&
Braden;Braden;Corbett;yY+M(qkd
Madilynn;Madilynn;Bratcher;M8IpSZAU
Jairo;Jairo;Palma;(QvEnmcc
Ciara;Ciara;Corral;ACWqz3Cn
Kaela;Kaela;Broome;VNyRdAF-
Ambria;Ambria;Dayton;NC(q*va8
Malorie;Malorie;Creel;sDcdQSSy
Deonte;Deonte;Shaffer;cWn5epbt
Jacquelin;Jacquelin;Burk;=m259yt4
Kiersten;Kiersten;Hershberger;ek39ICK3
Kristine;Kristine;Bueno;R3*_H$T_
Deangelo;Deangelo;Bartley;ng22mq=l
Annelise;Annelise;Titus;j9v(eBx-
Esmeralda;Esmeralda;Morris;*tOjXHT8
Destini;Destini;Dodson;*6y4N!ex
Laura;Laura;Daniels;=w4EepJN
Avery;Avery;Dyson;Z7Yl)ohA
Hayli;Hayli;Mclemore;RO^pOjOy
Madilynn;Madilynn;Kimble;WTKTz+s-
Estefani;Estefani;Benavides;^pe_OmtF
Malaysia;Malaysia;Cormier;P!s)4=4j
Bradly;Bradly;Acosta;jcld4bw1
Brandan;Brandan;Florence;Dj5_^&Lw
Jordy;Jordy;Cottrell;n^BxgJ=k
Tehya;Tehya;Robledo;KOdX(1rC
Remington;Remington;Jolly;jqEYm5r!
Rodney;Rodney;Lindsay;3=TyFTc*
Mandy;Mandy;Salinas;jkZP(VLJ
Meadow;Meadow;Raymond;=wigV7W2
Brandt;Brandt;Kearney;voHe%oWk
Roxanne;Roxanne;Seitz;ixY&%dJE
Corrine;Corrine;Morgan;NX))k=_8
Alexys;Alexys;Crouch;GofVDIfL
Jerod;Jerod;Lambert;=DsmCKsI
Myron;Myron;Colley;EeYkOl(-
Annie;Annie;Forster;c5w%(a6Y
Yusuf;Yusuf;Sears;ijOoXU@t
Emerald;Emerald;Lorenzo;9PCgPFaj
Louis;Louis;Villasenor;D6Ul2n^U
Herbert;Herbert;Self;^1XnFSnv
Heidy;Heidy;Mackey;tQNAB$_x
Jillian;Jillian;Epps;i#03XYyl
Willis;Willis;Monson;(qVx0)E@
Brendon;Brendon;Ceballos;+)T0hRLD
Tiana;Tiana;Moe;(eVy2+!5
Luz;Luz;Curtis;U9ougpWA
Aspen;Aspen;Maki;qjdLT2pm
Kayley;Kayley;Galvin;IqPR^fR1
Elaine;Elaine;Beaulieu;hC$ILel)
Ivanna;Ivanna;Glynn;m(QWhmgl
Madelyne;Madelyne;Crider;sP*TT#rG
Dayna;Dayna;Petrie;)@SNDBp-
Andrea;Andrea;Mahon;3v7sHUrp
Margo;Margo;Covington;tsIATCn2
Toni;Toni;Serna;=)aBzIeH
Garrett;Garrett;Perales;dpP41I_d
Leah;Leah;Forsyth;l57cHo%f
Humberto;Humberto;Shoemaker;GwE8X3Lx
Arron;Arron;Ames;ESpq9OxM
Rosalinda;Rosalinda;Coons;SdnBllPB
Caleb;Caleb;North;C#x1jZ(e
Alecia;Alecia;Wyman;Yzw_NXq2
Trent;Trent;Hanley;l&i6EWGK
Janice;Janice;Myrick;@t2XB(v-
Ashlin;Ashlin;Hewitt;EX+v@+Nd
Milan;Milan;Ivy;cm_DKUgE
Isabel;Isabel;Garcia;QQM$)N-*
Annaliese;Annaliese;Christie;Dl@IFVYW
Luiz;Luiz;Short;$7jl1s#(
Flor;Flor;Ferguson;I6dlQb_-
Reed;Reed;Altman;y3ld-pOb
Jamya;Jamya;Thurston;^=^p@&5K
Linsey;Linsey;Seeley;jMYtloIb
Keegan;Keegan;Heaton;sDQyiO5#
Clinton;Clinton;Herron;$MESoHHY
Xzavier;Xzavier;Solorio;9F%XDLAe
Keshon;Keshon;Coronado;D)LM0FhH
Shaun;Shaun;Godinez;-jcd)_Z*
Hattie;Hattie;Cornejo;11Ex5rWd
Kaytlyn;Kaytlyn;Jiang;r1RmloNv
Laken;Laken;Chavarria;op+BvTj!
Francis;Francis;Salter;S-FfpoHZ
Kayli;Kayli;Heil;D7=CadxI
Ashli;Ashli;Churchill;hR9DdhL0
Kristina;Kristina;Stubbs;O=UZ0cIp
Emely;Emely;Tran;jQ=Sceq%
Walter;Walter;Woodard;RJ)B$pLK
Isabell;Isabell;Dupree;Tsbnl_dm
Carrington;Carrington;Begay;zZkLaktZ
Anai;Anai;McCall;5lBkMa+^
Valery;Valery;Hwang;bG6cOvFV
Franco;Franco;Zamora;G9E5fOYN
Kurt;Kurt;Irvin;cTTEa9Ql
Brandt;Brandt;Davila;7@sX-q+s
Seamus;Seamus;Connors;CYshpVm7
Israel;Israel;Covey;v20xHfjY
Karly;Karly;Clarkson;cj9Om)Bk
Tate;Tate;Mixon;m&!7c2um
Karla;Karla;Landrum;6eUV@++B
Melisa;Melisa;Farmer;ua)F29B0
Margo;Margo;Jack;oK^o8ysk
Dora;Dora;Branham;w34qE1ev
Nadine;Nadine;Frey;qVWSc8N1
Kassidy;Kassidy;Brandenburg;fUEJ3fVA
Edna;Edna;Willis;ipxBqJPe
Abbey;Abbey;Barrow;qOom9P1l
Zaire;Zaire;Trimble;!K*XcPFF
Howard;Howard;VanHorn;xV3PId_q
Yahaira;Yahaira;McKnight;UtV8vy&3
Halley;Halley;Samples;V5TU)dLQ
Angelo;Angelo;Fairchild;n^NJrh3X
Yessica;Yessica;Adam;Xkx^yqsu
Jamie;Jamie;Beckman;1#5-k_v0
Imani;Imani;Gale;deP^wham
Keagan;Keagan;Harmon;5h8q8Xcm
Analise;Analise;Gibson;d=sPFUyH
Katlyn;Katlyn;Sandberg;_eofe=Na
Jay;Jay;Finn;0$-38BWi
Tyreek;Tyreek;Ridenour;ip=HOO%z
Marisela;Marisela;Goldstein;EQKQg=ra
Tatiyana;Tatiyana;Tan;*s2ZRiOA
Peter;Peter;Christman;vv7ifVGG
Cecilia;Cecilia;Slagle;aW5Qt_Vp
Luc;Luc;McCorkle;3Cd)#pWy
Annika;Annika;Gunderson;FiGaSv7y
Jodi;Jodi;Prater;wQzlDh7X
Jasper;Jasper;Duckworth;ohwh0%id
Callie;Callie;Corey;vxg%DmMy
Kennedy;Kennedy;Durham;CE7maXx&
Brea;Brea;Clough;xsuL=f5K
Zackery;Zackery;Manuel;0ZMe=6ze
Veronica;Veronica;Womack;1Vb58u5G
Daren;Daren;Sheets;t#+5GNah
Dominique;Dominique;Thao;EOx8Sz_p
Jazmin;Jazmin;McDuffie;IwqPkU!&
Jonathan;Jonathan;Lipscomb;vZ(my4u9
Carolina;Carolina;Mullin;0X+&pF=+
Jayleen;Jayleen;Sarmiento;vn=K1LlT
Mara;Mara;Gardner;5OS6Dj9P
Alvaro;Alvaro;Wilhelm;RUd^o*u!
Ean;Ean;Moyer;2kmT!Vp5
Reginald;Reginald;Fahey;c5)lzGkr
Ariana;Ariana;Joe;qdZIWN4Z
Nautica;Nautica;Salas;c!gC1(2i
Bayleigh;Bayleigh;Coffey;oUKZhpxN
Kierstin;Kierstin;Chung;RBbF+#77
Donnell;Donnell;Irving;aH=!8_Mu
Dexter;Dexter;Landis;@z65Fjc8
Chyanne;Chyanne;Deaton;W1DY0A2r
Abbey;Abbey;Zarate;_!zTGqk7
Cloe;Cloe;Salisbury;JK6PMtl%
Aleena;Aleena;Cartwright;s4RpZnoO
Jon;Jon;Timm;m)z#aFxq
Kristin;Kristin;Cloud;XOEA$kr9
Clint;Clint;Meza;&SnNYB)T
Nelly;Nelly;Clemons;7f9yK@W8
Aron;Aron;Withers;gzSuF@um
Baylee;Baylee;Cadena;s7ji8TGi
Casey;Casey;Bacon;Ge8rasMS
Elise;Elise;Parr;nS@&GtlH
Karime;Karime;Whitaker;JQI_m9By
Catrina;Catrina;Roach;0C7olcQC
Aniya;Aniya;Lovelace;(CqlA!M+
Allysa;Allysa;Razo;-q*%YlWn
Ivory;Ivory;Howard;zHsDc3!Q
Kalee;Kalee;Patton;E*p=zF=C
Rochelle;Rochelle;Gonzalez;_ZVn5IcE
Bridger;Bridger;Bustos;+1cCNM@z
Benjamin;Benjamin;Reagan;t#Lqw$+2
Kory;Kory;Martin;rTS8ivuv
Kaycee;Kaycee;Hammons;dW!Yr^!z
Herman;Herman;Drew;IO4xfUKN
Jerome;Jerome;Sowers;XuaI@^nK
Kaci;Kaci;Pinkerton;%FTtbRs7
Thea;Thea;Wicks;V$RON+AC
Amir;Amir;Cary;Z9eaE+P3
August;August;Miller;Ei3A26p^
Jim;Jim;Kurtz;2up#WGgs
Keona;Keona;Brenner;RvH9F(ld
Tiana;Tiana;Stephenson;)Fh8Q!9!
Trinity;Trinity;Yee;VXeP0Zt7
Brandyn;Brandyn;Hamm;j3(y0h95
Dustin;Dustin;Dowd;9HU4WJie
Daren;Daren;Steiner;PXp1c^zl
Maria;Maria;Trevino;qU$T+ZaY
Genesis;Genesis;Oliver;U&UqwDBs
Kelly;Kelly;Wood;WM6&QLLA
Zachary;Zachary;Nagel;^YZUKT12
Dion;Dion;Smoot;B_3vEZsf
Noelia;Noelia;Gomes;-7)$ikdh
Emmanuel;Emmanuel;Medeiros;jG4wMlNl
Thaddeus;Thaddeus;McClain;&QDj_0jl
Nyla;Nyla;Sampson;EQW$zF@!
Blanca;Blanca;Ochoa;WYqRnpa1
Holly;Holly;Barrios;)!08-V7N
Selene;Selene;Collier;Qk!*DOlp
Asya;Asya;Delaney;pohJFfkC
Micheal;Micheal;Crews;w3BdcGHp
Steve;Steve;Reis;kE%uxyI$
Barbara;Barbara;Couch;k82fYtqg
Marcus;Marcus;Elliott;(ckxJRX!
Jacques;Jacques;Adler;g9fzPaDm
Juliana;Juliana;McCabe;JSWc_tHc
Melisa;Melisa;Silver;C8DPNRhO
Jacklyn;Jacklyn;Dyer;4FK6Hzje
Jessie;Jessie;Ingram;82#H6G5q
Liza;Liza;Reilly;!dY@Ml##
Monica;Monica;Rees;Gn@%Mlxf
Felix;Felix;Parent;Mg0Z4K^-
Marvin;Marvin;Latham;fcKOIB1Q
Emery;Emery;Asbury;mKvx9$*-
Nautica;Nautica;Ryder;=)kg%EV4
Amaiya;Amaiya;McFadden;t6s2R)B!
Ray;Ray;Arreola;t0v8Hlzr
Alexia;Alexia;Janssen;M)hYlfOJ
Tyson;Tyson;Rust;)RPsK3id
Gracie;Gracie;Sams;rQr5DL&M
Sonja;Sonja;Butler;0t#It@vv
Alexandra;Alexandra;Brannon;7yto_PU0
Gianna;Gianna;Espinal;LNdcPyf@
Jase;Jase;Robb;8o7nZTE7
Issac;Issac;Craig;i3QyHq5r
Alannah;Alannah;Doran;kC3&OWfO
Madeleine;Madeleine;Noe;j%sc5_p$
Rocco;Rocco;Bergstrom;bzn6bnSC
Haleigh;Haleigh;Cortez;+fsWlYC2
Christen;Christen;Kirby;oCM*Jt@j
Dara;Dara;Infante;L!MPbMEP
Alexandra;Alexandra;Gaither;Z538B5B(
Erin;Erin;Schiller;DV@AsaJv
Aylin;Aylin;Burdette;7qPYs8fk
Shemar;Shemar;Whitley;Nx7(R!YZ
Nia;Nia;Showalter;oGLc3A&m
Moshe;Moshe;Gillis;%Xt3lof8
Halie;Halie;McLaughlin;ZNt*Pq0F
Jessica;Jessica;Madden;$$q!N&jQ
Tatianna;Tatianna;Furman;3YgQ41m7
Erich;Erich;Hammonds;BLFH+R8h
Katelin;Katelin;McCallum;&C&$*VTO
Savanah;Savanah;Choi;8pLNl2cM
Freddy;Freddy;Grice;$oN-NWPb
Junior;Junior;Victor;%I2CVH6k
Makaela;Makaela;Brewer;eur8Ju=P
Franco;Franco;Scroggins;KVE(i&4o
Alexandra;Alexandra;Rivera;I$HoyRl4
Jakayla;Jakayla;Rose;g8!mQLv2
Elyse;Elyse;Phan;nQu%6LQ=
Shira;Shira;Feliciano;MVRuaqGr
Nyah;Nyah;Witte;qgbg&=IY
Tamara;Tamara;Mortensen;)4%nr95N
Elvis;Elvis;Hoff;kzBXkn9D
Aiyana;Aiyana;Marx;Z5fQHMu%
Latavia;Latavia;Robison;x0FnIRnG
Audrey;Audrey;Mark;AazS9IbC
Brayan;Brayan;DeJesus;gQZfDQ=v
Raquel;Raquel;Martell;%FO+joO7
Micheal;Micheal;Rogers;M2!q3=N_
Gisel;Gisel;Jarrett;26Y0mwU^
Kimberlee;Kimberlee;Wilbur;EP2K+OvA
Mireya;Mireya;Greco;acfOYS_5
Augustine;Augustine;Gagnon;3u(5JZZR
Dallin;Dallin;Brandt;32P7!!MS
Romeo;Romeo;Elias;_+S=_0CY
Jamila;Jamila;Canada;f%X6P=@K
Regina;Regina;Vickers;OZOQnnqU
Andie;Andie;Dowling;gBPGN_7v
Franchesca;Franchesca;Shepard;CmK-JoCS
Gunnar;Gunnar;Andres;Jqu5$hnW
Ciara;Ciara;Braun;ps)tYfFO
Joseph;Joseph;Stone;vuEC)r4D
Johnathan;Johnathan;Musser;sGxHwyP(
Leticia;Leticia;Estrada;PdENKC-i
Dustin;Dustin;Levesque;$VZ4s@H2
Nolan;Nolan;Teague;RD1JXMX8
Roy;Roy;Renteria;fJy%mrqW
Moriah;Moriah;Viera;mku@&8Nd
Kirstyn;Kirstyn;Roberson;ffq^OaLI
Trey;Trey;Mills;z$xSsxTV
Lorenzo;Lorenzo;Horton;WB)KhFH1
Lisa;Lisa;Delgadillo;*Y(1Q57g
Julieta;Julieta;Slone;hH8#Ao96
Adolfo;Adolfo;Littleton;EcM-twX*
Gianni;Gianni;Lu;XbO7rcG)
Katherine;Katherine;Garvey;9Z(9@r_I
Asya;Asya;Cathey;9M9#L1xV
Damion;Damion;Hamblin;i^c8c5tW
Danyelle;Danyelle;Sturgill;A4i)Wj@F
Chauncey;Chauncey;Clinton;OIQy1^Nb
Donavan;Donavan;Vidal;au+W!719
Jessenia;Jessenia;McKinney;!C^SYZtz
Bridger;Bridger;Groff;r2z3Ta8!
Myles;Myles;Pool;cX03*8ZR
Gissell;Gissell;Tapia;n+LPvhkE
Katheryn;Katheryn;Singleton;HH%^&DEL
Valentin;Valentin;Doyle;JaQDz4_S
Brenden;Brenden;London;L&E#xsq_
Brook;Brook;Scott;K=-@R(#q
Galilea;Galilea;Simpson;k39u+j8R
Norman;Norman;Cone;d(DV27aY
Ralph;Ralph;Mcwhorter;k$9#qu^O
Daria;Daria;Blaylock;@Qksw#oU
Isabela;Isabela;Witt;ig^L0v06
Dionte;Dionte;Leahy;YF8b=!99
Whitney;Whitney;McGrath;9y%4L+sK
Ivory;Ivory;Morrell;ormrmD8E
Karl;Karl;Valle;zjzRye8S
Dakota;Dakota;Leyva;L2)!=+j0
Genevieve;Genevieve;Demarco;6LO#jJ7=
Javen;Javen;Travis;6G@SYdDS
Priscilla;Priscilla;Haas;A6Dv3XL=
Tai;Tai;Bair;G!6Ke0Ro
Edmund;Edmund;Moreau;6UhdvbCY
Kayla;Kayla;Mcmillian;4^r%ke*z
Tierra;Tierra;Wadsworth;z*&=)*vq
Eunice;Eunice;Conner;pWJxaai@
Franco;Franco;Couture;X!RquhC$
Brayden;Brayden;Baggett;-^GWh01x
Issac;Issac;Diehl;3-u-08zx
Holly;Holly;Quarles;DQ1Fm%t!
Alejandro;Alejandro;Humphrey;p0xaIu0e
Tyla;Tyla;Hogan;fr=OVy!O
Lissette;Lissette;Vieira;!*o*Pf^z
Mina;Mina;Bryan;#Bq40-0=
Tatum;Tatum;Hassan;oh=m2qV8
Kailee;Kailee;Negron;5cHmHt!=
Dillion;Dillion;Loy;H0SLg_gl
Breana;Breana;Stovall;YLggwdm^
Efren;Efren;Cutler;1uKTKh)u
Raelynn;Raelynn;Anglin;G4AzLcrn
Halley;Halley;Elizondo;O&8@bv%V
Kelli;Kelli;Damico;3=yzB4Ep
Stormy;Stormy;Crisp;xJhJmeUx
Timothy;Timothy;Padron;bfSY8gRf
Yesica;Yesica;Clements;Rj=-H(cT
Karli;Karli;Ruggiero;*s#J29n9
Ezra;Ezra;Knott;Jk3LHvsd
Jaylynn;Jaylynn;Hickman;ErV6rt!4
Blaise;Blaise;Haywood;ZGhJGS=%
Rogelio;Rogelio;Honeycutt;_yomQ4ST
Dillion;Dillion;Villa;Cfo270!Z
Shauna;Shauna;Talley;X*zvj5^D
Catalina;Catalina;Felder;_6aiK#Y5
Rodney;Rodney;Coates;Z)5*oN#R
Tanisha;Tanisha;Akers;IIx-^I@z
Louis;Louis;Hahn;!V&M8kh#
Kade;Kade;Sizemore;r2gLAE0X
Oscar;Oscar;Jaime;miiuiVcX
Bridget;Bridget;Oglesby;n6xs!G51
Priscilla;Priscilla;Colvin;F2)_8dMY
Aiyanna;Aiyanna;Higgins;dCG=jeoJ
Christiana;Christiana;Barone;!BKpB5_%
Shamar;Shamar;Nieto;8yq9hBMi
Symone;Symone;Whitworth;Z3!qJd$6
Rex;Rex;Glover;IuU7lT-l